{
	"username": "meshbeats88@gmail.com",
	"password": "SvSRP4FGrt",
    "services": {
        "anti-captcha.com": "",
        "vk.com": {
            "appId": ""
        },
	"browser": {
        "cacheFlushInterval": 0,
		"removeTabs":	true
	},
        "proxy": {
            "proxyReboot": "",
            "proxyRebootPause": 0
        },
		"telegram": {        
		"botToken": "",
		"chatId": ""
        },
        "sms-activate.org": {
            "key": ""
        },
		"onlinesim.ru": {
            "key": ""
        },
        "vak-sms.com": {
            "key": ""
		},
		"github.com": {        
        "token": ""   
}
    }
}